{"cameraMode":{"drawMode":0,"name":"Shaded","section":"Shading Mode"},"sceneLighting":false,"audioPlay":false,"sceneViewState":{"m_AlwaysRefresh":false,"showFog":true,"showSkybox":false,"showFlares":true,"showImageEffects":true,"showParticleSystems":true,"showVisualEffectGraphs":true,"m_FxEnabled":true},"in2DMode":false,"pivot":{"x":2.6600000858306886,"y":4.485000133514404,"z":-2.0280001163482668},"rotation":{"x":-0.01604454778134823,"y":0.23312966525554658,"z":-0.003860226832330227,"w":-0.9724751710891724},"size":0.1324836164712906,"orthographic":false}