{"cameraMode":{"drawMode":0,"name":"Shaded","section":"Shading Mode"},"sceneLighting":false,"audioPlay":false,"sceneViewState":{"m_AlwaysRefresh":false,"showFog":true,"showSkybox":false,"showFlares":true,"showImageEffects":true,"showParticleSystems":true,"showVisualEffectGraphs":true,"m_FxEnabled":true},"in2DMode":false,"pivot":{"x":0.17162330448627473,"y":0.1830194592475891,"z":-0.1689007580280304},"rotation":{"x":-0.27390462160110476,"y":0.4362754225730896,"z":-0.14187651872634889,"w":-0.8455834984779358},"size":0.24352924525737763,"orthographic":false}