{"cameraMode":{"drawMode":0,"name":"Shaded","section":"Shading Mode"},"sceneLighting":false,"audioPlay":false,"sceneViewState":{"m_AlwaysRefresh":false,"showFog":true,"showSkybox":false,"showFlares":true,"showImageEffects":true,"showParticleSystems":true,"showVisualEffectGraphs":true,"m_FxEnabled":true},"in2DMode":false,"pivot":{"x":-0.18400001525878907,"y":1.8984999656677247,"z":-8.003000259399414},"rotation":{"x":0.000972309208009392,"y":-0.9937118887901306,"z":0.07842410355806351,"w":-0.09280865639448166},"size":0.03448263183236122,"orthographic":false}