{"cameraMode":{"drawMode":0,"name":"Shaded","section":"Shading Mode"},"sceneLighting":false,"audioPlay":false,"sceneViewState":{"m_AlwaysRefresh":false,"showFog":true,"showSkybox":false,"showFlares":true,"showImageEffects":true,"showParticleSystems":true,"showVisualEffectGraphs":true,"m_FxEnabled":true},"in2DMode":false,"pivot":{"x":9.930000305175782,"y":2.76200008392334,"z":6.248000144958496},"rotation":{"x":-0.09887418150901795,"y":0.03842531889677048,"z":-0.002276150742545724,"w":-0.9948527216911316},"size":0.043301161378622058,"orthographic":false}