{"cameraMode":{"drawMode":0,"name":"Shaded","section":"Shading Mode"},"sceneLighting":true,"audioPlay":false,"sceneViewState":{"m_AlwaysRefresh":false,"showFog":true,"showSkybox":false,"showFlares":true,"showImageEffects":true,"showParticleSystems":true,"showVisualEffectGraphs":true,"m_FxEnabled":true},"in2DMode":false,"pivot":{"x":9.847822189331055,"y":2.6838583946228029,"z":-2.736211061477661},"rotation":{"x":0.01822044514119625,"y":-0.7681350708007813,"z":-0.021915553137660028,"w":-0.6399121880531311},"size":0.6152199506759644,"orthographic":false}