{"cameraMode":{"drawMode":0,"name":"Shaded","section":"Shading Mode"},"sceneLighting":false,"audioPlay":false,"sceneViewState":{"m_AlwaysRefresh":false,"showFog":true,"showSkybox":false,"showFlares":true,"showImageEffects":true,"showParticleSystems":true,"showVisualEffectGraphs":true,"m_FxEnabled":true},"in2DMode":false,"pivot":{"x":-0.4086920917034149,"y":-0.009052670560777188,"z":-0.4086565375328064},"rotation":{"x":-0.07236173003911972,"y":0.9206966161727905,"z":-0.20646250247955323,"w":-0.3240053653717041},"size":0.2442360669374466,"orthographic":false}