{"cameraMode":{"drawMode":0,"name":"Shaded","section":"Shading Mode"},"sceneLighting":false,"audioPlay":false,"sceneViewState":{"m_AlwaysRefresh":false,"showFog":true,"showSkybox":false,"showFlares":true,"showImageEffects":true,"showParticleSystems":true,"showVisualEffectGraphs":true,"m_FxEnabled":true},"in2DMode":false,"pivot":{"x":4.589597225189209,"y":-0.7640206217765808,"z":11.200788497924805},"rotation":{"x":0.07034739851951599,"y":0.9272836446762085,"z":-0.25745880603790285,"w":0.26459258794784548},"size":1.0862780809402466,"orthographic":false}